﻿Designator,Quantity,Value,Footprint,Package,MPN,DNP,Mount_Type,Description,Sim.Device,Sim.Pins,Sim.Type
A1,1,Adafruit_Feather_HUZZAH32_ESP32,Adafruit_Feather,,,,tht,Microcontroller module with ESP32 MCU,,,
"C2, C3, C6",3,33n,C_Rect_L4.6mm_W2.0mm_P2.50mm_MKS02_FKP02,,,,tht,Unpolarized capacitor,,,
C4,1,100n,C_Disc_D3.0mm_W1.6mm_P2.50mm,,,,tht,Unpolarized capacitor,,,
C5,1,10u,C_Radial_D5.0mm_H11.0mm_P2.00mm,,,,tht,Unpolarized capacitor,,,
D1,1,D,D_A-405_P7.62mm_Horizontal,,,,tht,Diode,D,1=K 2=A,
F1,1,1Ax250V,Fuseholder_Clip-5x20mm_Bel_FC-203-22_Lateral_P17.80x5.00mm_D1.17mm_Horizontal,,,,tht,Fuse,,,
"J1, J2",2,Screw_Terminal_01x02,CONN2_020000_WED,,,,tht,"Generic screw terminal, single row, 01x02, script generated (kicad-library-utils/schlib/autogen/connector/)",,,
K1,1,SANYOU_SRD_Form_C,Relay_SPDT_SANYOU_SRD_Series_Form_C,,,,tht,"Sanyo SRD relay, Single Pole Miniature Power Relay,",,,
PS1,1,HLK-10M05,Converter_ACDC_Hi-Link_HLK-10Mxx,,,,tht,Compact AC/DC board mount power module 10W 5V,,,
Q1,1,NPN,TO-92_Inline,,,,tht,"Bipolar transistor symbol for simulation only, substrate tied to the emitter",NPN,1=C 2=B 3=E,GUMMELPOON
R1,1,TBD,R_Axial_DIN0207_L6.3mm_D2.5mm_P7.62mm_Horizontal,,,,tht,Resistor,,,
R10,1,10k,R_Axial_DIN0207_L6.3mm_D2.5mm_P7.62mm_Horizontal,,,,tht,Resistor,,,
"R11, R12, R13, R14, R5, R6",6,10K,R_Axial_DIN0207_L6.3mm_D2.5mm_P2.54mm_Vertical,,,,tht,Resistor,,,
R2,1,49.9 (1%),R_Axial_DIN0207_L6.3mm_D2.5mm_P7.62mm_Horizontal,,,,tht,Resistor,,,
"R3, R4, R9",3,1k,R_Axial_DIN0207_L6.3mm_D2.5mm_P7.62mm_Horizontal,,,,tht,Resistor,,,
R7,1,75 (1%),R_Axial_DIN0207_L6.3mm_D2.5mm_P7.62mm_Horizontal,,,,tht,Resistor,,,
R8,1,5k1,R_Axial_DIN0207_L6.3mm_D2.5mm_P7.62mm_Horizontal,,,,tht,Resistor,,,
TR1,1,ZMCT103C,Transformer_Zeming_ZMCT103C,,,,tht,Qingxian Zeming Langxi Electronic ZMCT103C current transformer 1000:1 10A,,,
TR2,1,ZMPT107,ZMPT107-1,,,,tht,,,,
U1,1,HLW8032,SSOP-8_3.9x5.05mm_P1.27mm,,,,smt,A high-percision energy monitoring IC,,,
