﻿pos_x,pos_y,rotation,side,designator,mpn,pack,footprint,value,mount_type
154.35,-105.43,-90.0,top,A1,,,Adafruit_Feather,Adafruit_Feather_HUZZAH32_ESP32,tht
108.23,-102.93,90.0,top,C2,,,C_Rect_L4.6mm_W2.0mm_P2.50mm_MKS02_FKP02,33n,tht
108.23,-105.68,-90.0,top,C3,,,C_Rect_L4.6mm_W2.0mm_P2.50mm_MKS02_FKP02,33n,tht
120.0,-94.0,-90.0,top,C4,,,C_Disc_D3.0mm_W1.6mm_P2.50mm,100n,tht
125.0,-94.0,90.0,top,C5,,,C_Radial_D5.0mm_H11.0mm_P2.00mm,10u,tht
105.23,-115.93,-90.0,top,C6,,,C_Rect_L4.6mm_W2.0mm_P2.50mm_MKS02_FKP02,33n,tht
110.69,-87.0,0.0,top,D1,,,D_A-405_P7.62mm_Horizontal,D,tht
107.6,-55.0,0.0,top,F1,,,Fuseholder_Clip-5x20mm_Bel_FC-203-22_Lateral_P17.80x5.00mm_D1.17mm_Horizontal,1Ax250V,tht
161.0,-75.15,90.0,top,F2,,,Fuseholder_Clip-5x20mm_Bel_FC-203-22_Lateral_P17.80x5.00mm_D1.17mm_Horizontal,100mAx250V,tht
102.1,-62.095,180.0,top,J1,,,"TerminalBlock_Phoenix_MKDS-1,5-2_1x02_P5.00mm_Horizontal",Screw_Terminal_01x02,tht
97.1149,-73.5462,0.0,top,J2,,,"TerminalBlock_Phoenix_MKDS-1,5-2_1x02_P5.00mm_Horizontal",Screw_Terminal_01x02,tht
117.0,-81.2,90.0,top,K1,,,Relay_SPDT_SANYOU_SRD_Series_Form_C,SANYOU_SRD_Form_C,tht
147.3575,-57.2925,-90.0,top,PS1,,,Converter_ACDC_Hi-Link_HLK-10Mxx,HLK-10M05,tht
123.75,-85.96,-90.0,top,Q1,,,TO-92,Q_NPN_CBE,tht
110.42,-90.5,0.0,top,R1,,,R_Axial_DIN0207_L6.3mm_D2.5mm_P7.62mm_Horizontal,TBD,tht
129.04,-109.43,180.0,top,R10,,,R_Axial_DIN0207_L6.3mm_D2.5mm_P7.62mm_Horizontal,10k,tht
105.7,-85.75,-90.0,top,R11,,,R_Axial_DIN0207_L6.3mm_D2.5mm_P2.54mm_Vertical,10K,tht
105.7,-91.015,-90.0,top,R12,,,R_Axial_DIN0207_L6.3mm_D2.5mm_P2.54mm_Vertical,10K,tht
94.33,-85.68,-90.0,top,R13,,,R_Axial_DIN0207_L6.3mm_D2.5mm_P2.54mm_Vertical,10K,tht
94.33,-91.085,-90.0,top,R14,,,R_Axial_DIN0207_L6.3mm_D2.5mm_P2.54mm_Vertical,10K,tht
108.23,-128.24,90.0,top,R2,,,R_Axial_DIN0207_L6.3mm_D2.5mm_P7.62mm_Horizontal,49.9 (1%),tht
105.23,-128.74,90.0,top,R3,,,R_Axial_DIN0207_L6.3mm_D2.5mm_P7.62mm_Horizontal,1k,tht
108.23,-118.24,90.0,top,R4,,,R_Axial_DIN0207_L6.3mm_D2.5mm_P7.62mm_Horizontal,1k,tht
105.7,-80.4,-90.0,top,R5,,,R_Axial_DIN0207_L6.3mm_D2.5mm_P2.54mm_Vertical,10K,tht
94.33,-80.39,-90.0,top,R6,,,R_Axial_DIN0207_L6.3mm_D2.5mm_P2.54mm_Vertical,10K,tht
105.23,-95.87,-90.0,top,R7,,,R_Axial_DIN0207_L6.3mm_D2.5mm_P7.62mm_Horizontal,75 (1%),tht
131.42,-109.43,0.0,top,R8,,,R_Axial_DIN0207_L6.3mm_D2.5mm_P7.62mm_Horizontal,5k1,tht
105.23,-105.62,-90.0,top,R9,,,R_Axial_DIN0207_L6.3mm_D2.5mm_P7.62mm_Horizontal,1k,tht
98.3425,-129.7175,90.0,top,TR1,,,Transformer_Zeming_ZMCT103C,ZMCT103C,tht
98.13,-104.43,-90.0,top,TR2,,,ZMPT107-1,ZMPT107,tht
116.055,-113.835,0.0,top,U1,,,SSOP-8_3.9x5.05mm_P1.27mm,HLW8032,smt
