﻿pos_x,pos_y,rotation,side,designator,mpn,pack,footprint,value,mount_type
153.12,-105.5,-90.0,top,A1,,,Adafruit_Feather,Adafruit_Feather_HUZZAH32_ESP32,tht
107.0,-103.0,90.0,top,C2,,,C_Rect_L4.6mm_W2.0mm_P2.50mm_MKS02_FKP02,33n,tht
107.0,-105.75,-90.0,top,C3,,,C_Rect_L4.6mm_W2.0mm_P2.50mm_MKS02_FKP02,33n,tht
120.0,-94.0,-90.0,top,C4,,,C_Disc_D3.0mm_W1.6mm_P2.50mm,100n,tht
125.0,-94.0,90.0,top,C5,,,C_Radial_D5.0mm_H11.0mm_P2.00mm,10u,tht
104.0,-115.5,-90.0,top,C6,,,C_Rect_L4.6mm_W2.0mm_P2.50mm_MKS02_FKP02,33n,tht
110.69,-87.0,0.0,top,D1,,,D_A-405_P7.62mm_Horizontal,D,tht
107.6,-55.0,0.0,top,F1,,,Fuseholder_Clip-5x20mm_Bel_FC-203-22_Lateral_P17.80x5.00mm_D1.17mm_Horizontal,1Ax250V,tht
97.1149,-62.0462,0.0,top,J1,,,CONN2_020000_WED,Screw_Terminal_01x02,tht
97.1149,-73.5462,0.0,top,J2,,,CONN2_020000_WED,Screw_Terminal_01x02,tht
117.0,-81.2,90.0,top,K1,,,Relay_SPDT_SANYOU_SRD_Series_Form_C,SANYOU_SRD_Form_C,tht
147.3575,-57.2925,-90.0,top,PS1,,,Converter_ACDC_Hi-Link_HLK-10Mxx,HLK-10M05,tht
123.64,-85.73,-90.0,top,Q1,,,TO-92_Inline,NPN,tht
110.42,-90.5,0.0,top,R1,,,R_Axial_DIN0207_L6.3mm_D2.5mm_P7.62mm_Horizontal,TBD,tht
127.81,-109.5,180.0,top,R10,,,R_Axial_DIN0207_L6.3mm_D2.5mm_P7.62mm_Horizontal,10k,tht
100.5,-85.455,-90.0,top,R11,,,R_Axial_DIN0207_L6.3mm_D2.5mm_P2.54mm_Vertical,10K,tht
100.5,-90.955,-90.0,top,R12,,,R_Axial_DIN0207_L6.3mm_D2.5mm_P2.54mm_Vertical,10K,tht
94.5,-85.455,-90.0,top,R13,,,R_Axial_DIN0207_L6.3mm_D2.5mm_P2.54mm_Vertical,10K,tht
94.5,-90.955,-90.0,top,R14,,,R_Axial_DIN0207_L6.3mm_D2.5mm_P2.54mm_Vertical,10K,tht
107.0,-128.31,90.0,top,R2,,,R_Axial_DIN0207_L6.3mm_D2.5mm_P7.62mm_Horizontal,49.9 (1%),tht
104.0,-128.31,90.0,top,R3,,,R_Axial_DIN0207_L6.3mm_D2.5mm_P7.62mm_Horizontal,1k,tht
107.0,-118.31,90.0,top,R4,,,R_Axial_DIN0207_L6.3mm_D2.5mm_P7.62mm_Horizontal,1k,tht
100.5,-80.0,-90.0,top,R5,,,R_Axial_DIN0207_L6.3mm_D2.5mm_P2.54mm_Vertical,10K,tht
94.5,-79.92,-90.0,top,R6,,,R_Axial_DIN0207_L6.3mm_D2.5mm_P2.54mm_Vertical,10K,tht
104.0,-95.69,-90.0,top,R7,,,R_Axial_DIN0207_L6.3mm_D2.5mm_P7.62mm_Horizontal,75 (1%),tht
130.19,-109.5,0.0,top,R8,,,R_Axial_DIN0207_L6.3mm_D2.5mm_P7.62mm_Horizontal,5k1,tht
104.0,-105.5,-90.0,top,R9,,,R_Axial_DIN0207_L6.3mm_D2.5mm_P7.62mm_Horizontal,1k,tht
97.1125,-129.7875,90.0,top,TR1,,,Transformer_Zeming_ZMCT103C,ZMCT103C,tht
96.9,-104.5,-90.0,top,TR2,,,ZMPT107-1,ZMPT107,tht
114.825,-113.905,0.0,top,U1,,,SSOP-8_3.9x5.05mm_P1.27mm,HLW8032,smt
